Type,Code,line,replicate_number,Photo_ID,Mean_Hue_(Circle_1),Std_Dev_Hue_(Circle_1),Mean_Hue_(Circle_2),Std_Dev_Hue_(Circle_2),Mean_Hue_(Circle_3),Std_Dev_Hue_(Circle_3),Mean_Hue_(Circle_4),Std_Dev_Hue_(Circle_4),Mean_Hue_(Circle_5),Std_Dev_Hue_(Circle_5),mean_hue_all_circles,Stdv_hue,Red,Yellow,Peloric
Domesticated,D_BM,L1,2,DSCN0846.JPG,175.45,1.18,33.01,66.3,176.15,0.59,176.01,1.19,176.58,0.87,147.44,57.21614038,5,1,0
Domesticated,D_BM,L1,3,DSCN0088.JPG,158.35,0.49,82.63,76.97,163.19,7.64,158.43,0.57,157.52,0.7,144.024,30.76188525,3.5,1,0
Domesticated,D_BM,L1,4,DSCN0253.JPG,11.39,28.75,24.57,1.95,16.28,4.53,12.38,1.23,21.21,1.36,17.166,5.064111373,3,2.4,0
Domesticated,D_BM,L1,7,DSCN0178.JPG,162.25,0.62,127.38,64.82,165.23,2.4,162.31,0.92,160.89,0.85,155.612,14.18686209,4,0.5,0
Domesticated,D_BM,L1,10,DSCN0682.JPG,14.72,1.09,22.32,1.58,20.4,2.49,16.99,1.38,20.58,0.94,19.002,2.750900943,2.5,3,0
Domesticated,D_MT,L2,1,DSCN0693.JPG,130.31,72.71,24.08,3.87,3.63,8.45,57.35,80.54,18.27,42.11,46.728,45.3409415,4,2.5,0
Domesticated,D_MT,L2,3,DSCN0324.JPG,151.89,56.26,24.79,34.84,112.72,83.48,174.84,0.96,169.25,21.24,126.698,55.39600469,4,2.5,0
Domesticated,D_MT,L2,6,DSCN0510.JPG,145.92,61.92,22.8,36.83,156.97,52.04,174.84,1.25,24.82,53.92,105.07,66.99044827,4,2.5,0
Domesticated,D_MT,L2,9,DSCN0766.JPG,90.22,79.35,23.33,2.25,11.34,7.71,57.98,82.63,NA,NA,45.7175,30.87820459,4,2.5,0
Domesticated,D_MT,L2,10,DSCN0870.JPG,87.66,78.26,25.76,0.8,17.7,8.35,3.87,1.65,43.47,71.12,35.692,28.96952426,4,2.5,0
Domesticated,D_D,L3,4,DSCN0444.JPG,172.9,1.35,43.35,55.78,166.15,32.46,173.19,0.54,171.31,0.79,145.38,51.07763738,5,1,0
Domesticated,D_D,L3,5,DSCN0777.JPG,173.07,0.82,171.54,1.22,172.61,1.01,172.1,8.86,172.06,0.75,172.276,0.521789229,5,1,0
Domesticated,D_D,L3,6,DSCN0476.JPG,171.34,0.73,95.82,79.69,172.82,1.11,172.95,0.54,172.89,0.44,157.164,30.67787646,5,1,0
Domesticated,D_D,L3,7,DSCN0192.JPG,172.83,0.6,172.63,1.12,172.77,0.47,172.98,0.81,172.67,0.52,172.776,0.124193398,5,1,0
Domesticated,D_D,L3,8,DSCN0316.JPG,172.86,0.64,108.82,76.55,171.62,2.14,173.67,0.53,173.41,0.5,160.076,25.63772424,4.5,0.5,0
Domesticated,D_HM,L4,2,DSCN0409.JPG,174.65,2.53,50.92,70.47,135.22,72,174.72,0.7,175.62,1.63,142.226,48.18340943,4.5,1,0
Domesticated,D_HM,L4,3,DSCN0652.JPG,62.85,79.58,21.39,4.09,19.18,29.49,7.39,1.79,11.37,2.5,24.436,19.86869659,2.5,2.5,0
Domesticated,D_HM,L4,7,DSCN0858.JPG,17.82,1.06,19.31,1.73,12.9,2.83,19.7,1.17,21.12,1.21,18.17,2.836843316,1.5,3,0
Domesticated,D_HM,L4,8,DSCN0567.JPG,159.86,1.53,112.34,78.42,170,1.13,163.06,2.15,159.38,2.12,152.928,20.64547059,4,0.5,0
Domesticated,D_HM,L4,10,DSCN0676.JPG,162.78,0.67,70.92,75.98,169.76,1.28,160.69,1.48,162.79,1.19,145.388,37.36024593,4,1,0
Sister,S_AMT,L5,2,DSCN0810.JPG,157.28,1.37,143.4,48.82,156.96,0.84,156.05,0.5,156.09,0.83,153.956,5.299828676,3,0.5,0
Sister,S_AMT,L5,5,DSCN0521.JPG,158.75,0.82,109.91,73.48,157.95,0.39,156.69,0.66,154.86,1.07,147.632,18.90667438,3,0.5,0
Sister,S_AMT,L5,6,DSCN0643.JPG,156.97,0.74,97.25,72.19,156.69,0.58,156.54,0.57,154.63,0.78,144.416,23.59746902,3,0.5,0
Sister,S_AMT,L5,7,DSCN0341.JPG,156.85,0.47,91,79.12,157.89,0.91,156.71,0.58,156.56,0.59,143.802,26.40513692,3,0.5,0
Sister,S_AMT,L5,10,DSCN0752.JPG,157.07,0.66,117.13,69.75,158.53,0.85,156.95,0.55,156.5,0.56,149.236,16.06746228,3,0.5,0
Domesticated,D_LL,L6,3,DSCN0198.JPG,168.04,3.16,169.07,2.3,91.33,79.27,15.95,5.29,45.76,70.59,98.03,62.38950392,2,0.5,0
Domesticated,D_LL,L6,4,DSCN0386.JPG,163.95,2.86,138.21,69.62,165.94,20.98,NA,NA,161.14,1.57,157.31,11.1584654,2.5,0.5,0
Domesticated,D_LL,L6,5,DSCN0654.JPG,166.81,3.4,140.82,64.29,131.91,64.87,101.22,83.91,NA,NA,135.19,23.43203256,2,0.5,0
Domesticated,D_LL,L6,9,DSCN0255.JPG,161.76,1.19,167.82,2.05,160.13,3.45,161.01,2.49,NA,NA,162.68,3.023135789,2.5,0.5,0
Domesticated,D_LL,L6,10,DSCN0204.JPG,160.3,2.06,119.78,76.72,163.22,3.27,162.52,3.85,157.41,2.66,152.646,16.55752832,2.5,0.5,0
Domesticated,D_SD,L7,3,DSCN0419.JPG,5.99,1.91,14.63,40.33,8.05,31.21,5.78,2.32,7.27,1.24,8.344,3.251741687,3,3,1
Domesticated,D_SD,L7,4,DSCN0441.JPG,26.85,0.96,14.88,3.92,20.38,1.94,27.03,0.84,28.14,1.18,23.456,5.084134538,1.5,4,1
Domesticated,D_SD,L7,6,DSCN0780.JPG,24.66,54.49,55.63,78.45,68.49,84.81,6.42,1.41,6.69,1.98,32.378,25.44794954,3,4,1
Domesticated,D_SD,L7,7,DSCN0164.JPG,172.52,0.58,173.91,9.94,174.27,0.94,171.92,1.06,171.41,0.75,172.806,1.111550269,4,1.5,0
Domesticated,D_SD,L7,10,DSCN0801.JPG,8.88,28.79,6,1.51,164.06,48.52,19.69,54.2,25,57.68,44.726,60.0685587,3,4,1
Wild,W_SP_WR,L8,1,DSCN0736.JPG,159.21,2.02,25.04,1.15,16.55,33.41,163.31,35.19,167.02,10.39,106.226,69.84948006,2.5,2,0
Wild,W_SP_WR,L8,3,DSCN0640.JPG,159.76,6.38,26.45,4.43,126.55,73.72,124.76,74.7,133.46,71.83,114.196,45.63060315,1.5,1,0
Wild,W_SP_WR,L8,5,DSCN0487.JPG,156.47,0.79,53.58,76.93,164.9,1.85,160.59,1.73,157.89,1.37,138.686,42.64986406,2.5,1.5,0
Wild,W_SP_WR,L8,8,DSCN0645.JPG,158.53,0.75,163.43,29.78,158.17,0.39,157.77,0.7,157.49,0.74,159.078,2.204417383,3.5,0.5,0
Wild,W_SP_WR,L8,10,DSCN0206.JPG,156.59,0.72,NA,NA,158.04,1.71,154.63,1.53,154.44,2.55,155.925,1.483045852,2.5,0.5,0
Wild,W_SP_FR,L9,3,DSCN0095.JPG,158.04,0.83,27.14,33.09,140.48,61.82,159.48,0.6,157.28,0.74,128.484,51.14299389,3.5,1.5,0
Wild,W_SP_FR,L9,4,DSCN0523.JPG,160.74,1.62,70.72,69.7,162.12,25.54,156.83,3.21,158.54,2.19,141.79,35.58123213,2.5,1,0
Wild,W_SP_FR,L9,6,DSCN0611.JPG,156.81,0.45,160.48,1.5,155.97,1.28,155.77,1.03,154.91,1.28,156.788,1.942353212,3.5,0.5,0
Wild,W_SP_FR,L9,8,DSCN0579.JPG,157.29,0.49,46.7,54.39,158.31,1.6,156.58,1.1,156,0.49,134.976,44.14472498,4,1,0
Wild,W_SP_FR,L9,9,DSCN0764.JPG,156.74,1.35,22.2,4.52,153.57,36.59,157.96,3.19,155.64,1.55,129.222,53.53047222,2.5,1,0
Domesticated,D_MCC,L10,1,DSCN0720.JPG,172.6,0.88,84.45,82.23,165.27,43.23,173.1,0.81,174.83,7.2,154.05,34.95386044,4,1,1
Domesticated,D_MCC,L10,2,DSCN0075.JPG,162.8,17.48,124.09,76.17,142.42,67.79,145.46,57.97,165.87,9.37,148.128,15.1497266,3,2.5,0
Domesticated,D_MCC,L10,6,DSCN0154.JPG,163.45,0.62,110.86,74.25,164.07,1.59,162.29,0.73,160.34,0.86,152.202,20.71001053,4,0,0
Domesticated,D_MCC,L10,7,DSCN0368.JPG,30.02,55.21,26.74,1.08,19.81,5.13,10.22,6.51,23.19,1.95,21.996,6.808355455,2.5,3,0
Domesticated,D_MCC,L10,8,DSCN0301.JPG,172.4,1.57,51.64,74.64,172.88,1.1,173.73,1.02,173,1.06,148.73,48.5468689,4,2,1
Domesticated,D_PTH,L11,1,DSCN0189.JPG,105.79,82.17,38.39,56.07,37.21,59.52,158.92,40.92,123.27,76.01,92.716,47.99932566,5,0.4,0
Domesticated,D_PTH,L11,2,DSCN0169.JPG,135.95,69.46,88.22,80.97,78.22,82.41,150.41,55.56,155.28,46.02,121.616,32.14445059,5,0.5,0
Domesticated,D_PTH,L11,5,DSCN0078.JPG,165.96,1.92,82.84,80.95,161.99,30.78,163.36,2.91,163.34,2.34,147.498,32.35457458,5,0.5,0
Domesticated,D_PTH,L11,7,DSCN0118.JPG,147.62,57.59,43.13,63.3,85.38,83.04,165.96,11.99,154.45,45.76,119.308,47.25914828,5,0.5,0
Domesticated,D_PTH,L11,9,DSCN0102.JPG,167.4,14.87,37.61,58.16,124.46,74.71,165.68,11.56,166.57,3.45,132.344,50.09654543,5,1,0
Domesticated,D_CB,L12,1,DSCN0750.JPG,29.52,0.53,26,1.59,27.25,0.65,28.36,0.48,28.61,0.49,27.948,1.213349084,0,4.5,0
Domesticated,D_CB,L12,2,DSCN0614.JPG,29.16,0.46,25.66,1.06,27.02,0.38,28.07,0.28,28.2,0.41,27.622,1.192650829,0,4.5,0
Domesticated,D_CB,L12,5,DSCN0743.JPG,30.36,0.53,27.25,0.93,29.06,0.38,30.77,0.78,30.46,0.66,29.58,1.30370242,0,4.5,0
Domesticated,D_CB,L12,8,DSCN0542.JPG,29.67,0.48,26.61,0.91,27.88,0.41,28.67,0.49,28.96,0.33,28.358,1.045474055,0,4.5,0
Domesticated,D_CB,L12,10,DSCN0784.JPG,30,0.31,27.5,0.79,28.04,0.39,28.65,0.48,28.39,0.5,28.516,0.83605263,0,4.5,0
Domesticated,D_DNN,L13,2,DSCN0402.JPG,174.03,0.48,65.43,73.26,163.34,37.89,173.86,0.38,173.69,0.52,150.07,42.51581494,5,1,0
Domesticated,D_DNN,L13,7,DSCN0460.JPG,173.88,0.35,74.83,75.32,172.44,5.65,173.49,0.5,172.68,0.74,153.464,39.32048555,5,1,0
Domesticated,D_DNN,L13,8,DSCN0365.JPG,168.9,0.3,117.94,75.54,172.87,0.77,169.7,0.85,168.72,1.09,159.626,20.89650459,4.5,1,0
Domesticated,D_DNN,L13,9,DSCN0412.JPG,173.02,0.52,72.21,74.62,173.6,1.1,173.05,0.68,173.05,0.23,152.986,40.38858383,5,1,0
Domesticated,D_DNN,L13,10,DSCN0706.JPG,172.17,0.42,104.02,76.34,173.8,0.73,172.23,0.53,173.04,0.44,159.052,27.52246457,5,1,0
Domesticated,D_BR,L14,2,DSCN0670.JPG,167.41,4,77.95,79.78,65.94,73.27,136.4,67.57,91.44,83.51,107.828,38.16343769,2,0,0
Domesticated,D_BR,L14,4,DSCN0285.JPG,142.16,65.49,163.13,32.47,82.42,79.82,120.07,79.18,84.46,85.51,118.448,31.66882341,2,0,0
Domesticated,D_BR,L14,5,DSCN0283.JPG,165.53,2.66,125.84,75.41,166.99,4.48,167.74,2.29,162.3,2.74,157.68,16.0289251,2.5,0,0
Domesticated,D_BR,L14,6,DSCN0624.JPG,166.46,12.71,97.36,79.82,125.71,70.51,85.92,84.85,115.06,78.99,118.102,27.82640214,2.5,0,0
Domesticated,D_BR,L14,8,DSCN0320.JPG,92.04,79.52,20.25,1.74,35.08,53.9,25.41,45.45,38.09,56.12,42.174,25.75001095,1.5,1.5,0
Wild,W_SP_WH,L15,3,DSCN0790.JPG,82.94,79.02,26.36,0.62,24.14,2.06,20.56,4.34,21.65,2.15,35.13,23.98951604,2.5,3.5,0
Wild,W_SP_WH,L15,6,DSCN0695.JPG,159.84,2.3,27.41,2.22,24.23,44.49,152.91,15.59,157.45,5.84,104.368,64.18068258,2,1,0
Wild,W_SP_WH,L15,7,DSCN0171.JPG,41.44,64.68,27.91,0.39,26.82,1.91,29.43,0.62,26.94,0.71,30.508,5.545309369,1.5,3.5,0
Wild,W_SP_WH,L15,8,DSCN0786.JPG,161.28,0.99,25.53,2.35,90.96,80.3,161.8,2.38,147.75,57.68,117.464,52.83386588,2.5,1,0
Wild,W_SP_WH,L15,9,DSCN0795.JPG,158.38,1.03,27.68,37.65,158.59,1.44,156.94,2.53,155.89,3.45,131.496,51.91735841,2.5,0.5,0
Domesticated,D_HHM,L16,1,DSCN0396.JPG,159.05,0.4,97.56,84.29,164.22,1.51,159.97,0.85,159.31,0.47,148.022,25.30051019,3.5,1,0
Domesticated,D_HHM,L16,2,DSCN0291.JPG,162.12,0.6,76.81,77.27,159.76,35.96,163.77,0.88,163.74,0.71,145.24,34.24628622,4,1,0
Domesticated,D_HHM,L16,6,DSCN0452.JPG,20.22,4.89,28.98,1.18,28.61,1.47,23.33,5.63,24.03,2.05,25.034,3.330012613,0,2.5,0
Domesticated,D_HHM,L16,7,DSCN0841.JPG,158.01,0.66,104.8,75.54,160.43,0.66,160.39,1.12,NA,NA,145.9075,23.75364643,3.5,0.5,0
Domesticated,D_HHM,L16,8,DSCN0184.JPG,164.99,0.66,134.25,66.65,166.51,1.27,164.91,0.99,165.69,1.23,159.27,12.52327753,4,0.5,0
Domesticated,D_SF,L17,4,DSCN0466.JPG,171.17,0.66,12.91,3.1,6.27,5.47,24.7,53.6,43.9,72.06,51.79,61.04331151,3,2,1
Domesticated,D_SF,L17,5,DSCN0485.JPG,30.42,0.5,27.27,0.87,27.92,0.34,28.86,0.47,28.92,0.55,28.678,1.066140704,0,4.5,0
Domesticated,D_SF,L17,7,DSCN0335.JPG,25.89,1.93,28.98,1.23,30.17,1.22,27.99,3.31,28.36,2.9,28.278,1.404612402,0,1.5,0
Domesticated,D_SF,L17,8,DSCN0312.JPG,170.4,1.2,42.24,67.53,173.1,1.32,170.34,0.61,170.16,0.78,145.248,51.51547589,3.5,1.5,1
Domesticated,D_SF,L17,10,DSCN0718.JPG,25.52,0.6,18.46,2.42,20.7,1.07,24.7,0.98,23.73,1.04,22.622,2.644257174,1.5,4,
Domesticated,D_R,L19,2,DSCN0602.JPG,17.15,0.88,19.23,1.92,12.1,3.65,11.57,1.67,14.96,1.4,15.002,2.922049965,3,4,0
Domesticated,D_R,L19,3,DSCN0558.JPG,16.3,30.99,19.85,3.07,13.57,2.97,13.04,0.86,15.02,0.97,15.556,2.431202172,3,4,0
Domesticated,D_R,L19,6,DSCN0662.JPG,42.72,61.29,23.96,0.74,21.35,2.88,21.25,1.72,23.6,1.09,26.576,8.148694619,2,4,0
Domesticated,D_R,L19,7,DSCN0176.JPG,15.86,0.95,19.08,7.34,19.51,3.33,15.22,1.25,16.81,0.79,17.296,1.714206522,2.5,4,0
Domesticated,D_R,L19,9,DSCN0712.JPG,12.41,1.46,18.78,1.73,15.46,4.62,13.99,1.05,15.72,0.88,15.272,2.115498996,3,3.5,0
Domesticated,D_LLV,L22,1,DSCN0528.JPG,158.59,0.54,50.88,71.6,164.04,2.16,158.37,0.58,158.7,0.52,138.116,43.66986082,3,1,0
Domesticated,D_LLV,L22,5,DSCN0390.JPG,158.86,0.38,22.67,46.6,163.72,1.83,157.67,0.87,158.51,0.51,132.286,54.84885946,3,1,0
Domesticated,D_LLV,L22,7,DSCN0592.JPG,158.92,1.1,67.41,79.77,163.41,2.35,159.27,1.15,158.63,1.32,141.528,37.09996895,2.5,1,0
Domesticated,D_LLV,L22,8,DSCN0429.JPG,158.22,0.46,52.27,71,161.86,2.59,157.97,0.78,157.27,0.9,137.518,42.65384644,2.5,1,0
Domesticated,D_LLV,L22,10,DSCN0708.JPG,158.05,0.32,97.36,80.35,164.65,1.87,159.52,2.47,157.11,0.62,147.338,25.12427464,3,1,0
Wild,W_SP_Y,L24,1,DSCN0212.JPG,136.7,62.99,28.61,0.5,23.72,2.75,20.59,2.8,22.96,1.77,46.516,45.1674195,1.5,2.5,0
Wild,W_SP_Y,L24,3,DSCN0797.JPG,163.76,1.73,27.13,0.78,24.1,3.46,53.04,76.04,122.17,79.97,78.04,55.53688324,2,2,0
Wild,W_SP_Y,L24,6,DSCN0793.JPG,21.37,25.64,27.36,1.48,28.39,0.63,30.37,0.55,28.74,0.65,27.246,3.0932352,0.5,4,0
Wild,W_SP_Y,L24,7,DSCN0569.JPG,49.51,57.53,28.07,0.83,29.39,0.56,28.9,0.69,27.52,1.22,32.678,8.440842138,0.5,4,0
Wild,W_SP_Y,L24,10,DSCN0240.JPG,29.54,26.71,28.75,0.94,30.37,0.62,30.6,0.6,28.61,0.68,29.574,0.811876838,0.5,4,0
Domesticated,D_OW,L25,1,DSCN0745.JPG,12.28,0.76,13.71,1.8,44.31,69.9,12.07,0.84,8.77,1.41,18.228,13.14105384,3,2.5,0
Domesticated,D_OW,L25,2,DSCN0243.JPG,67.05,79.12,24.63,2.35,16.89,18.7,11.65,1.7,15.75,1.55,27.194,20.36579642,3,3,0
Domesticated,D_OW,L25,3,DSCN0306.JPG,14.95,1.14,19.22,1.71,12.93,2.48,13.52,0.65,16.3,1.38,15.384,2.246727398,3,3,0
Domesticated,D_OW,L25,4,DSCN0622.JPG,15.59,1.68,21.8,1.23,15.14,3.07,16.3,0.93,16.75,1.04,17.116,2.407194217,3,3,0
Domesticated,D_OW,L25,5,DSCN0684.JPG,43.35,65.94,22.01,1.3,15.12,1.74,17.73,1.22,19.01,1,23.444,10.19710076,3,3,0
Domesticated,D_TM,L26,2,DSCN0431.JPG,159.08,0.37,71.03,80.02,167.45,2.95,158.16,0.5,160.7,0.82,143.284,36.27330181,3.5,0.5,0
Domesticated,D_TM,L26,5,DSCN0508.JPG,12.38,1.22,4.01,7.08,2.89,1.62,11.16,2.59,10.71,1.79,8.23,3.956811848,3,3,1
Domesticated,D_TM,L26,7,DSCN0359.JPG,29.43,0.56,25.76,1.31,26.68,0.63,28.37,0.59,28.41,0.65,27.73,1.322527883,0,3.5,0
Domesticated,D_TM,L26,8,DSCN0850.JPG,18.96,10.99,24.2,1.95,NA,NA,NA,NA,NA,NA,21.58,2.62,0,2.5,0
Domesticated,D_TM,L26,9,DSCN0293.JPG,169.72,1.11,45.84,62.92,172.2,1.35,168.89,0.78,168.95,0.29,145.12,49.65458005,3,1,0
Sister,S_AM,L27,1,DSCN0374.JPG,167.47,17.04,24.56,2.04,85.85,81.13,164.36,15.42,159.34,40.58,120.316,56.64514616,1,1,0
Sister,S_AM,L27,3,DSCN0546.JPG,166.28,22.11,46.5,64.46,166.91,29.75,164.56,2.98,167.86,1.28,142.422,47.97307428,2,1,0
Sister,S_AM,L27,4,DSCN0231.JPG,42.56,65.32,24.64,2.43,15.31,12.26,23.74,39.44,15.97,21.37,24.444,9.838314083,1,1,0
Sister,S_AM,L27,6,DSCN0650.JPG,166.96,1.33,25.9,2.1,34.17,51.77,170.57,2.24,160.28,34.41,111.576,66.71105594,2.5,1,0
Sister,S_AM,L27,7,DSCN0347.JPG,162.52,3.15,31.53,46.69,122.36,74.78,128.41,70.68,169.84,18.43,122.932,49.29955675,2,1,0
Domesticated,D_DM,L28,1,DSCN0218.JPG,139.96,72.8,16.89,6.86,18.93,43.13,19.87,54.09,71.51,84.25,53.432,47.8874148,4,3,0
Domesticated,D_DM,L28,5,DSCN0123.JPG,169.2,4.14,16.38,14.43,64.39,78.97,172.04,1.5,169.81,32.37,118.364,65.46148749,4,3,0
Domesticated,D_DM,L28,7,DSCN0337.JPG,151.78,63.51,19.87,2.43,32.5,60.93,47.63,76.91,15.51,44.7,53.458,50.41552039,4,3,0
Domesticated,D_DM,L28,9,DSCN0289.JPG,25.35,2.6,22.35,1.24,22.96,1.93,24.25,1.01,26.49,0.62,24.28,1.516390451,1.5,3.5,0
Domesticated,D_DM,L28,10,DSCN0672.JPG,15.84,15.72,27.09,1.06,24.91,1.92,21.72,2.21,24.84,0.71,22.88,3.913918752,1.5,3,0
Domesticated,D_BP,L30,3,DSCN0273.JPG,171.33,0.97,173.62,0.82,173.64,0.51,174.18,0.43,171.24,0.77,172.802,1.255139833,5,0,
Domesticated,D_BP,L30,4,DSCN0111.JPG,173.46,0.71,173.13,0.88,174.15,0.5,173.24,0.79,173.85,0.68,173.566,0.381921458,5,0,
Domesticated,D_BP,L30,5,DSCN0382.JPG,173.77,1.14,173.7,0.94,172.94,0.73,173.9,0.42,172.91,1.24,173.444,0.428700362,5,0,
Domesticated,D_BP,L30,6,DSCN0469.JPG,172.5,0.59,172.51,6.77,172.15,0.92,172.56,0.54,172.17,0.42,172.378,0.179265167,5.5,0,
Domesticated,D_BP,L30,10,DSCN0226.JPG,173.8,0.73,171.31,1.66,172.54,1,173.9,0.66,173.32,0.65,172.974,0.960907904,5.5,0,
Domesticated,D_MG,L32,1,DSCN0384.JPG,33.53,57.67,20.49,1.19,15.47,2.92,12.46,1.94,15.89,0.92,19.568,7.438178272,2.5,3,0
Domesticated,D_MG,L32,3,DSCN0304.JPG,170.85,1.5,30.44,53.62,141.39,67.26,172.98,1.7,172.79,2.16,137.69,54.94221,4,2.5,0
Domesticated,D_MG,L32,5,DSCN0082.JPG,9.52,30.63,15.78,3.63,6.64,7.88,5.03,10.92,6.53,1.15,8.7,3.826753193,3.5,3,0
Domesticated,D_MG,L32,9,DSCN0349.JPG,171.94,0.35,24.11,46.34,165.35,39.5,173.77,1.15,172.98,0.54,141.63,58.83551139,4.5,2.5,0
Domesticated,D_MG,L32,10,DSCN0287.JPG,76.73,86.05,11.4,7.02,31.18,62.83,24.99,59.67,47.42,77.7,38.344,22.41200625,4,3,0
Domesticated,D_PR,L33,1,DSCN0728.JPG,163.79,1.33,171.92,12.19,170.04,1.86,165.33,1.58,161.87,1.28,166.59,3.795191695,4,0,0
Domesticated,D_PR,L33,2,DSCN0738.JPG,165.45,1.58,170.93,11.66,170.74,1.01,169.29,1.16,160.97,1.79,167.476,3.802817903,4,0,0
Domesticated,D_PR,L33,3,DSCN0550.JPG,164.79,1.46,166.43,29.14,169.35,1.35,162.43,1.8,160.24,1.55,164.648,3.151332417,4,0,0
Domesticated,D_PR,L33,6,DSCN0620.JPG,165.67,1.26,170.26,2.24,166.62,1.87,162.76,2.68,159.12,2.34,164.886,3.748811012,4,0,0
Domesticated,D_PR,L33,8,DSCN0563.JPG,165.27,1.78,164.25,32.58,169.12,1.1,162.01,2.67,156.03,1.56,163.336,4.316626461,4,0,0
Domesticated,D_RYB,L35,2,DSCN0406.JPG,26.08,4.11,28.8,0.68,30.62,0.85,28.22,2.01,28.74,1.46,28.492,1.454405721,0,1.5,0
Domesticated,D_RYB,L35,4,DSCN0448.JPG,15.36,5.76,25.09,2.22,22.87,2.02,21.45,27.86,16.23,6.03,20.2,3.789195165,0,0.5,0
Domesticated,D_RYB,L35,5,DSCN0668.JPG,14.22,27.43,23.5,3.43,13.55,2.95,101.47,80.31,102.46,80.15,51.04,41.72976252,0,1,0
Domesticated,D_RYB,L35,7,DSCN0343.JPG,17.92,4.81,29.13,1.49,22.33,3.87,69,77.24,16.54,17.14,30.984,19.50816506,0,1,0
Domesticated,D_RYB,L35,10,DSCN0724.JPG,14.65,6.32,26.4,2.25,21.11,2.6,16.75,6.46,18.01,4.85,19.384,4.0850929,0,0.5,0
Domesticated,D_SSO,L36,2,DSCN0084.JPG,25.32,60.86,14.58,22.25,31.94,63.5,2.99,0.73,2.91,0.81,15.548,11.68374152,3.5,3,0
Domesticated,D_SSO,L36,3,DSCN0090.JPG,155.87,53.15,13.52,22.48,5.86,1.61,18.1,49.09,52.3,78.58,49.13,55.68968019,3.5,2.5,0
Domesticated,D_SSO,L36,5,DSCN0187.JPG,18.2,45.44,15.62,14.61,60.1,79.71,4.65,4.49,6.66,0.95,21.046,20.19179001,3.5,3,0
Domesticated,D_SSO,L36,6,DSCN0121.JPG,162.06,49.93,13.83,25.67,10.83,27.95,13.43,43.57,3.82,1.28,40.794,60.73912499,3.5,3,0
Domesticated,D_SSO,L36,8,DSCN0098.JPG,27.23,60.47,9.95,2.08,5.67,5.64,5.25,0.52,5.9,0.95,10.8,8.388048641,3.5,3,0
Domesticated,D_TRG,L37,2,DSCN0627.JPG,143.82,58.81,20.79,14.55,10.96,22.83,161.57,45.97,170.54,19.97,101.536,70.53722155,3.5,2.5,0
Domesticated,D_TRG,L37,3,DSCN0322.JPG,25.39,4.61,29.5,0.76,29.18,1.12,28.66,2.76,26.48,3.7,27.842,1.617138213,0,2,0
Domesticated,D_TRG,L37,4,DSCN0741.JPG,147.86,48.44,47.12,59.8,158.98,30.96,159.04,35.98,77.18,82.49,118.036,46.78782303,2,1,0
Domesticated,D_TRG,L37,9,DSCN0080.JPG,28.4,0.67,28.58,0.56,29.39,0.61,30.35,0.69,30.04,0.25,29.352,0.771113481,0,3,0
Domesticated,D_TRG,L37,10,DSCN0392.JPG,14.08,16.33,19.68,2.09,16.56,7.43,23.66,2.85,22.24,3.68,19.244,3.536606283,2.5,3,0
Wild,W_SP_WO,L38,1,DSCN0734.JPG,163.7,3.56,23.24,1.57,19.44,35.27,175.48,1.13,75.43,84.2,91.458,66.89661827,4,2.5,0
Wild,W_SP_WO,L38,3,DSCN0848.JPG,28.02,25.92,28.62,0.7,29.77,0.43,30.03,0.35,30.39,0.61,29.366,0.896763068,0,3.5,0
Wild,W_SP_WO,L38,8,DSCN0554.JPG,29.51,20.54,27.69,1.55,29.84,0.37,29.31,0.64,29.75,0.6,29.22,0.787197561,0,3.5,0
Wild,W_SP_WO,L38,9,DSCN0757.JPG,21.51,1.7,27.25,1.43,25.17,1.29,25.77,3.61,24.18,1.57,24.776,1.912376532,0,2,0
Wild,W_SP_WO,L38,10,DSCN0726.JPG,24.79,3.64,29.51,0.69,30.9,0.48,31.78,0.5,30.53,0.76,29.502,2.46590673,0,2.5,0
Domesticated,D_CFM,L39,1,DSCN0398.JPG,20.97,9.73,28.4,0.77,29.27,0.52,28.71,1.72,30.91,0.38,27.652,3.451390444,0,2.5,0
Domesticated,D_CFM,L39,5,DSCN0526.JPG,16.39,2.96,NA,NA,NA,NA,26.99,2.4,NA,NA,21.69,5.3,0,1,0
Domesticated,D_CFM,L39,7,DSCN0151.JPG,160.35,0.81,104.63,78.08,164.04,1.84,159.55,1,160.04,0.67,149.722,22.60220644,3.5,1,0
Domesticated,D_CFM,L39,8,DSCN0425.JPG,15.96,43.84,18.68,2.95,11.42,2.91,15.67,2.63,22,1.57,16.746,3.506756906,2.5,2.5,0
Domesticated,D_CFM,L39,9,DSCN0235.JPG,168.94,1.21,148.89,60.27,172.54,0.66,171.27,0.67,167.97,1.03,165.922,8.669379217,4.5,0.5,0
Sister,S_AS,L40,1,DSCN0156.JPG,156.35,0.65,29.11,28.82,157.26,1,156.11,0.63,157.38,1.54,131.242,51.06839704,3,1,0
Sister,S_AS,L40,2,DSCN0616.JPG,28.34,1.99,29.82,0.72,29.76,0.82,31.2,0.78,30.2,0.4,29.864,0.920121731,0,3,0
Sister,S_AS,L40,4,DSCN0812.JPG,28.61,39.96,29,0.83,25.82,2.61,17.47,6.11,22.59,2.43,24.698,4.28386461,0,1,0
Sister,S_AS,L40,8,DSCN0108.JPG,167.53,3.42,27.55,1.07,16.34,3.87,124.49,74.63,64.06,73.94,79.994,57.79021114,1.5,2,0
Sister,S_AS,L40,10,DSCN0279.JPG,46.98,62.07,26.24,0.47,25.83,1.04,24.6,1.35,25.88,1.23,29.906,8.554964874,0,2.5,0
Domesticated,D_ASM,L41,1,DSCN0556.JPG,169.41,0.89,31.77,40.02,126.92,75.64,169.8,0.9,170.62,1.43,133.704,53.62311763,4,0.5,1
Domesticated,D_ASM,L41,3,DSCN0073.JPG,19.67,3.68,24.85,3.92,14.3,6.01,25.46,0.96,25.09,1.75,21.874,4.342389204,0.5,2.5,1
Domesticated,D_ASM,L41,5,DSCN0481.JPG,5.93,0.82,19.38,3.59,10.28,21.99,6.82,1.31,5.48,1.53,9.578,5.182279035,3,2.5,1
Domesticated,D_ASM,L41,7,DSCN0339.JPG,174.23,1.13,72.46,82.46,131.71,75.29,170.93,16.7,173.58,0.76,144.582,39.4496547,4.5,2.5,1
Domesticated,D_ASM,L41,9,DSCN0238.JPG,5.08,0.88,21.39,27.8,44.83,75.48,6.37,0.73,16.91,45.84,18.916,14.35630259,3,2.5,1
Domesticated,D_DMB,L42,1,DSCN0631.JPG,174.47,0.61,NA,NA,175.31,2.36,175.24,0.46,174.72,0.77,174.935,0.352171833,4.5,0,1
Domesticated,D_DMB,L42,3,DSCN0710.JPG,18.6,49.77,NA,NA,NA,NA,13.39,37.27,5.94,11.16,12.64333333,5.195320544,2.5,2.5,1
Domesticated,D_DMB,L42,4,DSCN0571.JPG,168.06,1.16,40.53,67.14,170.76,1.65,166.37,1.17,168.17,1.11,142.778,51.14325269,3,0.5,1
Domesticated,D_DMB,L42,8,DSCN0228.JPG,173.57,0.64,NA,NA,NA,NA,172.91,0.79,173.34,0.72,173.2733333,0.27353651,4,0,1
Domesticated,D_DMB,L42,10,DSCN0600.JPG,98.73,78.16,26.66,1.83,22.13,17.26,140.6,43.25,120.54,57.26,81.732,48.67393117,0,0.5,1
Domesticated,D_RB,L43,2,DSCN0299.JPG,13.77,0.65,20.16,0.88,13.54,3.52,14.59,1.33,18.68,0.85,16.148,2.734632699,3,3,0
Domesticated,D_RB,L43,3,DSCN0357.JPG,4.43,1.48,18.8,4.31,41.53,68.4,18.58,46.63,15.39,38.34,19.746,12.08595648,3.5,3,0
Domesticated,D_RB,L43,6,DSCN0519.JPG,5.78,19.37,12.47,4.29,43.27,71.23,42.84,74.59,5.64,21.93,22,17.36823192,3.5,3,0
Domesticated,D_RB,L43,8,DSCN0435.JPG,144.43,70.17,37.28,61.47,146.54,64.3,105.39,87.1,176.55,13.63,122.038,48.02995374,4,3,0
Domesticated,D_RB,L43,9,DSCN0674.JPG,8.66,0.98,15.87,2.39,15.31,35.11,8.14,1.02,11.96,1.05,11.988,3.224564467,3,3,0
Domesticated,D_BH,L44,1,DSCN0493.JPG,158.98,1.04,168.67,7.81,162.84,3.5,161.94,3.85,135.4,70.32,157.566,11.52021458,2.5,0.5,0
Domesticated,D_BH,L44,2,DSCN0483.JPG,161.85,1.94,129.09,71.29,160.31,28.14,163.95,2.73,166.23,2.8,156.286,13.74331197,2.5,0.5,0
Domesticated,D_BH,L44,5,DSCN0308.JPG,88.9,80.77,38.07,53.68,36.56,46.31,27.97,1.49,29.27,0.94,44.154,22.71714648,0.5,2.5,0
Domesticated,D_BH,L44,8,DSCN0687.JPG,20.73,28.28,12.18,4.32,16.48,8.21,26.72,2.25,19.14,16.98,19.05,4.805438586,2.5,3.5,0
Domesticated,D_BH,L44,10,DSCN0618.JPG,21.71,4.15,12.75,20.34,15.76,8.36,29.22,0.66,26.29,2.48,21.146,6.188216544,2,3,0
Domesticated,D_NCM,L45,2,DSCN0596.JPG,22.93,2.21,24.96,0.89,23.64,1.74,25.38,1.29,27.12,0.86,24.806,1.455109618,0.5,4,0
Domesticated,D_NCM,L45,4,DSCN0446.JPG,173.11,0.74,130.28,75.25,175.15,0.52,173.5,0.99,172.88,0.85,164.984,17.37018204,4.5,0.5,0
Domesticated,D_NCM,L45,5,DSCN0699.JPG,21.64,9.64,26.01,3.21,26.51,4.48,78.8,70.22,24.1,22.51,35.412,21.76139279,0,0.5,0
Domesticated,D_NCM,L45,6,DSCN0540.JPG,29.12,0.37,24.52,0.98,26.63,0.64,27.14,0.68,28.72,0.52,27.226,1.643430558,0,4.5,0
Domesticated,D_NCM,L45,7,DSCN0586.JPG,25.28,42.82,26.48,3.61,17.87,4.65,120.31,72.55,33.44,49.71,44.676,38.13819744,0,0.5,0
Domesticated,D_MBBW,L46,2,DSCN0462.JPG,51.75,79.68,NA,NA,NA,NA,7.88,30.29,NA,NA,29.815,21.935,3,2.5,0
Domesticated,D_MBBW,L46,5,DSCN0437.JPG,131.39,78.38,18.2,40.14,NA,NA,147.42,67.09,68.86,85.4,91.4675,51.487168,3,2.5,0
Domesticated,D_MBBW,L46,6,DSCN0689.JPG,17.65,49.24,8.15,7.45,NA,NA,34.51,66.68,71.36,85.79,32.9175,24.11891102,3,2.5,0
Domesticated,D_MBBW,L46,8,DSCN0575.JPG,22.66,56.71,9.08,8.1,NA,NA,7.05,3.04,30.84,64.33,17.4075,9.806195427,3,2.5,0
Domesticated,D_MBBW,L46,9,DSCN0759.JPG,6.72,17.16,14.11,4.55,NA,NA,8.17,1.65,6.78,3.47,8.945,3.037914581,3,2.5,0